{"cameraMode":{"drawMode":0,"name":"Shaded","section":"Shading Mode"},"sceneLighting":true,"audioPlay":false,"sceneViewState":{"showFog":true,"showMaterialUpdate":false,"showSkybox":true,"showFlares":true,"showImageEffects":true,"showParticleSystems":true},"in2DMode":false,"pivot":{"x":-0.4545806646347046,"y":-8.38153076171875,"z":17.428264617919923},"rotation":{"x":-0.2087467759847641,"y":-0.012618115171790123,"z":0.002692147856578231,"w":-0.9778890609741211},"size":22.011228561401368,"orthographic":false}